Stichwort,Datum
Bebauungsplan: Möglichkeiten der Abänderung durch das Parlament,22.4.1965
Fahrerlaubnis (Wiedererteilung),22.5.1969
Verwaltungsabkommen,10.7.1969
Rundfunk- und Fernsehrecht: gesetzliche Hindernisse der Errichtung privater Sender in Berlin,13.10.1969
"Sonderurlaub für ehrenamtlich tätige, nicht im öffentlichen Dienst beschäftigte Leiter in der Jugendpflege und im Sport)",22.10.1969
Elektronische Datenverarbeitung (Zusammenfassung zur Literatur über -),4.12.1969
"Eigentumsverhältnisse (Wald), Waldschutzgesetz, Landesforststrafrecht",16.12.1969
Entwurf eines Gesetzes über die Rechtsstellung der Opposition (und Fraktionen),2.1.1970
"Verfassung von Berlin vom 23. November 1995, Zuständigkeit Verfassungsgericht",9.1.1970
Haushaltsplan,21.1.1970
Lehrer: Steuerfreiheit für zusätzliche Vertretungsstunden,4.3.1970
"Hochschullehrergesetz, Universitätsgesetz, Forschungsfinanzierung, TU Berlin",5.3.1970
Anwesenheitsrecht des Rechnungshofs bei Ausschusssitzungen,13.3.1970
Ausschusssitzung: Beteiligung Rechnungshof,13.5.1970
Nebentätigkeit von Bediensteten (Hochschulbereich),18.6.1970
Rundfunk- und Fernsehrecht: Einräumung von Sendezeiten für Fraktionen,18.6.1970
Ausführungsgesetz zum Jugendwohlfahrtsgesetz,19.6.1970
Mittelfristige Finanzplanung: Beteiligung des Abgeordnetenhauses,30.6.1970
Vorlage über Gesetz zur Änderung des Bundesbaugesetz,16.4.1971
Stärkeverhältnis der Fraktionen (Bezirksamt),7.6.1971
Umweltschutz: Literatur und Institutionen,7.7.1971
"Berliner Lehrervertretung, Wahl von Schulleitern",9.8.1971
Hochschulrecht: Wahlpflicht der Studenten zu Universitätsgremien,7.9.1971
"Anwesenheitsrecht bei Ausschusssitzungen, Fraktionsgeschäftsführer",15.9.1971
Juristische Ausbildung,14.10.1971
Gewaltenteilungsgrundsatz: Beteiligung des Parlaments an der Planung,28.12.1971
Staatsvertrag verfassungsrechtliche Probleme,28.12.1971
Freiwillige Polizeireserve,18.1.1972
Juristische Ausbildung: Modellvergleich,10.3.1972
"Ausbildungs- und Prüfungsordnung für Juristen, Reformentwurf",23.3.1972
Ehrenordnung,10.4.1972
Haushaltsplan: Aussetzung oder Aufhebung von Wegfallvermerken,26.4.1972
Kostendeckung,26.4.1972
Repräsentationsmittel des Präsidenten,26.4.1972
Petitionen (Begriff und Behandlung),25.5.1972
Fraktionsangestellte (dienst- und personalrechtlicher Status),1.6.1972
"Schulunterricht (Entscheidungsrechte von Schülern und Erziehungsberechtigten), alternative Unterrichtsangebote",6.7.1972
Ausführung des § 92 Abs. 2 Satz 1 des Städtebauförderungsgesetzes in Berlin,7.7.1972
"Architektengesetz, Architektenliste",4.9.1972
"Binnengewässer, Binnenschiffahrt",28.9.1972
Gewaltenteilungsgrundsatz: Einfluss des Parlaments auf Rechtsverordnungen,28.9.1972
Bürgerliches Gesetzbuch: Verfassungsrechtliche Prüfung der Drs. 6/351 (Ergänzung der vereinsrechtlichen Bestimmungen des BGB),21.11.1972
Eigenbetriebe Berlins: Einführung der paritätischen Mitbestimmung,24.11.1972
"Graduiertenförderungsgesetz, Nachwuchsförderung, Stipendien, Hochschulgesetz",19.12.1972
"Wohnungsaufsichtsgesetz: Anpassungsgebot, Verfügungsberechtigung über Wohnraum",18.1.1973
Untersuchungsausschuss: Antragsrecht der Fraktionen auf Einsetzung,25.4.1973
Rechnungshof: Verhältnis zum Abgeordnetenhaus von Berlin,4.5.1973
Wasserstraßenrecht (Fahrverbot für Sportmotorboote),21.5.1973
Lehrerbildungsgesetz: Zweites Gesetz zur Änderung,26.6.1973
"Schulverfassungsgesetz: Mitwirkungsrechte von Lehrern, Schülern und Eltern in der Schule",28.6.1973
"Eltern-Kinder-Gruppen: Vereinbarkeit mit haushaltsrechtlichen Grundsätzen, Förderungsprogramm, Zuwendung (§§ 23, 44 BHO/LHO)",4.7.1973
"Schulverfassungsgesetz: Mitwirkungsrechte von Eltern, Lehrern und Schülern in Schulangelegenheiten",21.9.1973
"Hochschulrahmengesetz: Vorschriften über Finanz- und Wirtschaftsverwaltung, Kuratorium und Humanmedizin",8.10.1973
"Wahlrecht: Berücksichtigung von Ausländern, Wahlkreiseinteilung",2.11.1973
"Berechnungsverfahren Auschusssitze, Höchstzahlverfahren d'Hondt (Sitzverteilung)",15.11.1973
"Zweckentfremdung von Wohnraum: Leerstehenlassen von Wohnraum, Wohnraumbewirtschaftung",6.12.1973
"Privatschulgesetz: einkommensteuerrechtliche Behandlung, Rudolf-Steiner-Schule, Subvention",11.12.1973
Wahlrecht: Berücksichtigung von Ausländern,10.1.1974
Bezeichnung Berlins (verfassungsrechtliche Beurteilung),22.1.1974
Parlamentarische Kontrolle von Senatsmitgliedern in Aufsichtsräten von Aktiengesellschaften,21.3.1974
Staatsaufsicht (Universitäten Berlin),25.3.1974
"Antrag über Gesetz zur Änderung des Bundesbaugesetz, Evokationsrecht",30.4.1974
Gesetzgebungskompetenz: Vergütung von Verbesserungsvorschlägen,27.5.1974
"Schulverfassungsgesetz: §§ 17 - 19 (Konferenzen), Schulleiter Beförderung und Benennung",7.6.1974
Landesabfallgesetz (Kompetenz zum Erlass),24.9.1974
Wahlrecht: Monopolisierung des Wahlvorschlagsrechts,1.10.1974
"Fachhochschule für Verwaltung und Rechtspflege Berlin (Hochschullehrer, Inkompatibilität)",1.11.1974
"Rundfunkanstalt, Sendezeit (Wahlwerbung), Wahlkampfkostenerstattung, Wählervereinigungen",15.11.1974
Eigenbetriebe Berlins: Abberufung von Geschäftsleitern,6.12.1974
"Äußerungen (eines Abgeordneten in Ausübung des Mandats), Indemnität (Landgericht Berlin)",15.1.1975
"Enquete-Kommission: Auftragsänderung, Minderheitenrechte",10.10.1975
Diätenurteil (des Bundesverfassungsgerichts),17.11.1975
Rundfunkanstalt (Wahlwerbung),17.11.1975
"Bannkreisbestimmungen, Versammlungsrecht",12.12.1975
Eigenbetriebe Berlins: Befugnisse von Geschäftsleitern,27.2.1976
Betreuung Minderjähriger,11.3.1976
"Eltern-Kinder-Gruppen: § 78 Jugendwohlfahrtsgesetz (Heimaufsicht), Betreuung Minderjähriger",11.3.1976
Besetzung von Unterausschüssen,16.3.1976
Beamtenrecht: Rechtsfolgen bei verspätetem Dienstantritt nach einer Reise,12.4.1976
Beschlussfassung (Ausschussbeschlüsse),7.6.1976
Zeugenvernehmung durch Untersuchungsausschuss (Zulässigkeit von Fragen),16.6.1976
Rundfunkrecht (Fraktionsproporz bei Wahl zum Rundfunkrat),2.7.1976
Unverrückbarkeit von Ausschussbeschlüssen,7.7.1976
Polizeigesetz (Musterentwurf für Bund und Länder),14.10.1976
Ausschussempfehlung (Abstimmungsgrundlage im Plenum),31.1.1977
Grundständige Gymnasien,31.1.1977
"Mieterhöhung für Altbauwohnungen, Bundesmietengesetz",22.2.1977
"Schulunterricht (Entscheidungsrechte von Schülern und Erziehungsberechtigten), alternative Unterrichtsangebote, Schulpflichtverordnung, Schulgesetz",7.4.1977
Unterverteilung von Amt und Mandat (Möglichkeiten einer künftigen Regelung),13.4.1977
Wahlrecht: Bezirksliste,20.5.1977
"Kuratorium: Freie Universität Berlin, Beschlussfassung",23.5.1977
Allgemeines politisches Mandat (Studentenschaft),4.7.1977
"Bezirksverordnetenversammlung: Ausschüsse, Grundmandat",21.7.1977
Wohnungsaufsichtsgesetz: Entwurf eines Änderungsgesetzes,30.8.1977
Inkompatibilität von Hochschullehrern von Senatorenamt und Abgeordnetenmandat,23.9.1977
Bildungsurlaubsgesetz (Ländervorschriften),26.9.1977
Bezirksverordnete: Aufwandsentschädigung,15.11.1977
Ausschuss: Beteiligung von Beiräten beim Senator für Schulwesen,21.11.1977
Ausschuss: Aktenvorlagepflicht der Exekutive,23.12.1977
Landesabgeordnetengesetz: Entwurf; Einzelfragen; Stand: 15. Febr. 1978,16.2.1978
Berliner Naturschutzgesetz: Entwurf,13.4.1978
Bundesrahmengesetz (Zulässigkeit der Wiederholung von unmittelbar geltenden Vorschriften eines - im ausfüllenden Landesgesetz),11.5.1978
"Landesabgeordnetengesetz: Entwurf; Fragen der Gleichbehandlung, Versorgungsregelungen",23.5.1978
Inkompatibilität von Hochschullehrern,2.6.1978
Landesabgeordnetengesetz: Entwurf; Übergangsregelung,5.6.1978
Personalvertretungsgesetz: Kompetenzübertragung von Einzelpersonalrat an Gesamtpersonalrat (Einberufung und Durchführung von Personalversammlungen),4.7.1978
Hochschulrahmengesetz: Übernahme von Vorschriften in das Berliner Hochschulgesetz,1.9.1978
Schulaufsicht: § 21 (Schulpsychologischer Dienst; Verfassungsmäßigkeit),1.9.1978
Regelstudienzeit (Überschreitung),19.10.1978
Bezirksverwaltungsgesetz: Mitwirkungsrechte in der Bezirksverordnetenversammlung,27.10.1978
Schulverfassungsgesetz: 2. Gesetz zur Änderung (§ 23 Abs. 2; Benennung des Schulleiters),16.11.1978
Inkompatibilität von Hochschullehrern,23.2.1979
Sonderurlaubsverordnung,23.2.1979
Bezirksverwaltungsgesetz: Sitzverteilung in den Jugendwohlfahrtsausschüssen der Bezirksverordnetenversammlungen,22.6.1979
Außerkrafttreten von Verwaltungsvorschriften,25.6.1979
Stadtälteste (Ehrenbezeichnungen),28.6.1979
Verpflichtungsgesetz: Verpflichtung von Bezirksverordneten,24.9.1979
"Besoldung: Gegenüberstellung Land Berlin, Bund, übrige Bundesländer",6.11.1979
Parlamentsgebäude (Hausverbot im Rathaus Schöneberg),27.2.1980
Aufhebungsrecht von Bebauungsplänen durch das Abgeordnetenhaus,4.3.1980
Bildschirmtexterprobungsgesetz: Stellungnahme zum Entwurf,13.3.1980
Bildschirmtexterprobungsgesetz: Kennzeichnung der Bildschirmtextangebote,14.4.1980
Bildschirmtexterprobungsgesetz: Landeskompetenz,17.4.1980
Bildschirmtexterprobungsgesetz: Formulierungsvorschläge,24.4.1980
Ausschusssitzung: Erörterung von Disziplinarangelegenheiten,25.4.1980
Bildschirmtexterprobungsgesetz: Stand der Beratung am 28. April 1980,30.4.1980
Veröffentlichung,14.5.1980
Wissenschaftliches Landesprüfungsamt (Stellung im Ländervergleich),2.6.1980
Öffentlicher Gesundheitsdienst (Aufgabenstellung),18.6.1980
Ausbildung (von Sozialarbeitern und Sozialpädagogen; Entlastung von Praxisanleitern),29.8.1980
Indemnität: Weitergabe Kleiner Anfragen an die Presse,15.10.1980
Abgeordnetenhaus: Aufhebungs- und Änderungsrecht bei Verordnungen,23.10.1980
Bezirksverordnetenversammlung: Wahlrecht für Ausländer,28.10.1980
Abwahl (von Senatoren und Landesministern),25.11.1980
Senatsmitglied: Mitgliedschaft in Verwaltungsräten,5.12.1980
Rechnungsprüfungsausschuss (Besprechung von Feststellung des Rechnungshofes),26.1.1981
Besoldungsrecht (Fehlentwicklungen),17.2.1981
Ausschusssitzung: Ordnungsbefugnisse des Ausschussvorsitzenden,1.6.1981
Senatorenamt: Vereinbarkeit mit Mitgliedschaft in anderer Landesregierung,3.6.1981
Geheimhaltung: Verletzung durch Abgeordnete,15.7.1981
Versammlungsgesetz: § 16 und Referentenentwurf eines Bannmeilengesetzes,28.8.1981
Beamtenrecht: örtlicher Sonderzuschlag für Berlin,13.10.1981
Kompetenzen des Abgeordnetenhauses (Verbot von Kriegsspielzeug),14.10.1981
Selbstbefassungsrecht der Ausschüsse,8.1.1982
Datenschutzbeauftragter (Stellungnahme zum Krebsregister),18.1.1982
"Ausschuss für Vermögensverwaltung, Vertretungsregelung",19.1.1982
Jugendwohlfahrtsgesetz und Kita-Kostenbeteiligung,4.2.1982
Abgeordnetenhaus: Arbeitszeitregelung für Mitarbeiter der Verwaltung,16.4.1982
Bezirksverordnetenversammlung: Einrichtung von Ausländerausschüssen,30.4.1982
Berliner Kerngebiete (Ausschluss gewerblicher Nutzung),4.5.1982
Lehrer: befristete Besetzung von Stellen,26.5.1982
Berliner Hochschulgesetz: Novellierung; 2. Änderungsgesetz,10.6.1982
Haushaltsplan: vorläufige Ermächtigung zu Ausgaben,20.8.1982
Bundesratsangelegenheiten (Informations- und Beteiligungsrechte der Landesparlamente),30.8.1982
"Aktiengesellschaft: Beteiligung des Landes Berlin, parlamentarische Kontrolle",8.11.1982
Disziplinarverfahren: Gegenstand der Selbstbefassung gemäß § 21 Abs. 5 GO,9.11.1982
Ausschuss: Sitzverteilung,15.11.1982
Ausschusssitzung: Einberufung durch den Vorsitzenden,9.12.1982
Abgeordnetenhaus: Wahl der Berliner Bundestagsabgeordneten,14.1.1983
"Beweiserhebung von Untersuchungsausschüssen, Zustimmung des Präsidenten",23.2.1983
Straffälligkeit (von Ausländern),23.2.1983
Fraktionen: Rotationsprinzip,25.2.1983
Zweckentfremdung von Wohnraum,8.3.1983
Datenschutz: Verankerung in der Verfassung von Berlin,30.3.1983
"Rücktritt (eines Senatsmitglieds, kommissarische Wahrnehmung der Amtsgeschäfte)",25.4.1983
Beamte: Einsatz bei den Fraktionen des Abgeordnetenhauses,29.7.1983
Ausländer: Wahlrecht zu den Bezirksverordnetenversammlungen,15.8.1983
Abgeordnetenhaus: Kompetenz für Einzelfallentscheidung,31.8.1983
Abgeordnete: strafrechtliche Konsequenzen bei Verletzung von Geheimhaltungsvorschriften,22.9.1983
Abgeordnete: Kontrollbefugnisse für Abgeordnete,30.9.1983
Abgeordnete: Sanktionen und Disziplinarmaßnahmen gegen Abgeordnete,10.10.1983
Fraktionen: dienstrechtliche Stellung von Fraktionsmitarbeitern,4.11.1983
Enquete-Kommission: Unterrichtung von Presse und Rundfunk,5.1.1984
Ausschussberatung (Besprechung einer Vorlage zur Kenntnisnahme),23.1.1984
Wohnungsaufsichtsgesetz: Wärmedämmung,1.2.1984
Bundesausbildungsförderungsgesetz,3.2.1984
Weisungsrecht der Hauptverwaltung (in Personalangelegenheiten von Lehrern),7.2.1984
Krankenhaus Zehlendorf (fehlerhafte Planung und Bauausführung),4.4.1984
Einschränkung von Nebentätigkeiten im Berliner Landesdienst,9.4.1984
Ausländerrecht (Abschiebung nach dem Ausländergesetz),25.4.1984
Gesetz über das Kabelpilotprojekt,19.6.1984
Landeswahlgesetz: § 26 Abs. 1 (Inkompatibilität auf Landesebene; Beschlussempfehlung Innenausschuss),22.6.1984
Berliner Hochschulgesetz: § 71 Abs. 1 (Wahl des Leiters der Hochschule),18.7.1984
Amtsführung (des Reg. Bürgermeisters und der Senatoren),10.8.1984
Kandidatennominierung (vor der Veröffentlichung der Wahlkreiseinteilung),19.9.1984
Schadensersatzregelungen (im geltenden Umweltrecht),22.10.1984
Enquete-Kommission: Bericht,6.11.1984
Berlin: Wirtschaftsdatengesetz,8.11.1984
Senat: Weisungsrecht in Personalangelegenheiten für Lehrer,9.11.1984
Politischer Beamter (Wiederverwendung),13.11.1984
Abgeordnetenhaus: Anspruch auf Vorlage von Polizeidienstvorschriften,10.1.1985
Verfassung von Berlin vom 1. September 1950: 21. Gesetz zur Änderung,11.1.1985
Hauseigentümer (Hausverbot für Abgeordnete),23.1.1985
Untersuchungsausschuss: öffentliche Sitzung,28.2.1985
Fraktionsbildung: Bezirksverordnetenversammlung,14.3.1985
Arbeitsrecht: gleichberechtigungsrelevante Rechtsgrundlagen,27.3.1985
Deutsche Bundespost (technisches Versuchsprogramm zum Kabelpilotprojekt),10.7.1985
"Gesetz zur Beschränkung des Brief-, Post- und Fernmeldegeheimnisses",18.7.1985
Geschäftsordnung des Abgeordnetenhauses: Zusatz- und Änderungsanträge,23.10.1985
Verschlusssachenanweisung (Einschränkung der Fragemöglichkeiten von Abgeordneten),1.11.1985
Betriebs- und Geschäftsgeheimnisse (Schutz bei Kleinen Anfragen),13.11.1985
Arbeitsplatzgarantie (nach Beendigung der Mandatszeit),18.11.1985
Personalvertretung (Mitwirkungsrechte bei Kennzeichnung von Polizeibeamten),29.11.1985
Schule (Religionsunterricht),6.12.1985
Parlamentarische Exekutivkontrolle: Aktenvorlagepflicht der Exekutive,27.2.1986
Selbstbefassungsrecht: Grenzen bei Überweisung an die Ausschüsse,24.3.1986
Beweiserhebungsverfahren (Umfang und Grenzen bei Untersuchungsausschüssen),2.4.1986
Verfassungsgerichtshof: Einrichtung in Berlin,14.5.1986
Wohnungsdurchsuchung (Regelungen über die Anwesenheit von herbeigerufenen Zeugen),23.5.1986
Vertretung des Regierenden Bürgermeisters in der Fragestunde,29.5.1986
Disziplinarverfahren: disziplinarrechtliche Vorwürfe gegen Bezirksamtsmitglieder,11.6.1986
Auskunftsverweigerungsrecht (vor Untersuchungsausschüssen),23.6.1986
Wiederverwendungsanspruch (von Beamten),27.6.1986
Berliner Hochschulgesetz: Entwurf zur Novellierung,3.7.1986
Zivilschutz: Regelungen und Durchführung,15.8.1986
Krankenhauskonferenz (Zuständigkeit für Bestellung von Abteilungsleitern),26.8.1986
Zivilschutz: Rechtsgrundlage für den Zivilschutz,27.8.1986
Bezirksverordnetenvorsteher (Tragen von Amtsketten),17.9.1986
Tiefbaumaßnahmen (Planung und Leitung durch freiberuflich tätige Architekten und Ingenieure),18.9.1986
"Landeswahlgesetz: Fristen, Wahlvorschläge",23.9.1986
"Entschädigungsrecht (Wiedergutmachung; konkurrierende Gesetzgebung, Art. 74 Nr. 9 GG)",12.11.1986
Beweiserhebung: Untersuchungsausschuss,27.11.1986
Erbbaurechtsvertrag (Auswirkung gesellschaftsrechtlicher Veränderungen in der Person des Erbbauberechtigten),16.1.1987
Weiterbildungsgesetz (Gesetzesantrag der SPD-Fraktion),27.1.1987
Enquete-Kommission: Aktenvorlagepflicht des Senats,26.2.1987
Abgeordnetenstatus: Rederecht,5.3.1987
Abgeordnetenmandat: Unvereinbarkeit von Amt und Mandat; Ländervergleich,19.3.1987
Minderheitenrechte (bei Untersuchungsausschüssen),28.4.1987
Landesbeamtengesetz: §§ 35a und 43 (Teilzeitarbeit und Urlaub),4.5.1987
Berliner Richtergesetz (Drittes Gesetz zur Änderung),8.5.1987
Untersuchungsausschuss: Erweiterung des Untersuchungsauftrags,14.5.1987
Bundeskompetenz (für die Errichtung eines Deutschen Historischen Museums),7.7.1987
Aussprache (über persönliche Bemerkungen),19.1.1988
Berliner Stadtreinigungs-Betriebe: Teilung des Betriebes in einen Monopol- und Wettbewerbsteil,25.2.1988
Gästeregelung (bei Gremiensitzungen),7.3.1988
Landesberufsbildungsgesetz (Gesetzesantrag der AL-Fraktion/Kompetenz des Berliner Gesetzgebers),16.3.1988
Abfälle (Entsorgung durch private Dritte),28.4.1988
Ausschuss für Verfassungsschutz (Zulässigkeit einer Überschreitung der in einer gesetzlichen Soll-Vorschrift festgelegten Mitgliederhöchstzahl),7.6.1988
Bundesrecht (Verfahren der Übernahme durch das Abgeordnetenhaus),22.7.1988
Verwaltungsvorschriften: Abänderungs- oder Aufhebungsbefugnis des Abgeordnetenhauses,22.9.1988
Berliner Verkehrs-Betriebe: Gesamtnetzkarte,28.9.1988
Bauleitplanungsrecht,5.10.1988
"Gesetz über die Anerkennung und Versorgung der politisch, rassisch und religiös Verfolgten des Nationalsozialismus (11. Gesetz zur Änderung)",4.11.1988
Bundesentschädigungsgesetz,5.11.1988
Einsetzung eines parlamentarischen Untersuchungsausschusses: Verfassungsfragen der Zulässigkeit,4.4.1989
Rudolf-Virchow-Krankenhaus: Eingliederung in die Freie Universität Berlin,18.5.1989
Bezirksverordnetenversammlung: Wahlrecht für Ausländer,7.8.1989
Akademie der Wissenschaften zu Berlin: Gesetzesantrag der Fraktionen von SPD und AL zur Auflösung,13.11.1989
Befangenheit eines Bundesverfassungsrichters (Dr. Rottmann) (Materialzusammenstellung),20.12.1989
Bebauungsplan: Verfügbarmachung von öffentlichem Straßenland für den Wohnungsbau,13.3.1990
Kabelpilotprojektgesetz (Gegenüberstellung mit Gesetzesantrag der Fraktionen von SPD und AL über Berliner Privatfunkgesetz),16.3.1990
Öffentliche Verkehrsflächen,13.4.1990
Förderausschüsse (Rundschreiben der Senatsschulverwaltung zur Bildung von -),18.4.1990
Berlin: zeitlich befristetes Zuzugsverbot für Asylbewerber und Ausländer,20.4.1990
Bezirksverwaltung (Wahrnehmung der Schulaufsicht),18.5.1990
"Aktenvorlagebegehren (eines Untersuchungsausschusses, Verweigerung durch die Exekutive)",23.5.1990
"Beweiserhebung: Untersuchungsausschuss, Protokollerstellung durch Tonbandaufnahme",29.5.1990
Schulangelegenheiten: Anfechtung von Entscheidungen durch Eltern,5.6.1990
Bundesverfassungsrecht (Vereinbarkeit des Verfassungsentwurfs für Berlin (Ost)),5.7.1990
Kindertagesstättengesetze der Bundesländer (Synopse),16.8.1990
"Ausländer: kommunales Wahlrecht, Vereinbarkeit mit dem Grundgesetz und der Verfassung von Berlin",10.9.1990
Gesetz über die Untersuchungsausschüsse des Abgeordnetenhauses von Berlin: Neufassung des § 9; Sitzungsprotokoll,14.9.1990
Berliner Landesrecht (Gesetz über den Geltungsbereich),20.9.1990
Bundeswahlrecht und Landeswahlrecht (Änderungen),4.10.1990
Frauenförderung: Rechtsfragen des Landesantidiskriminierungsgesetzes,8.10.1990
Meldegesetz: Antrag über Gesetz zur Änderung,11.10.1990
Auflagenbeschlüsse des Abgeordnetenhauses zum Haushaltsplan,15.10.1990
Airport-Transfer Tegel/Tempelhof/Schönefeld (Tariffestsetzung),24.10.1990
Fraktionsbildung: Zusammenschluß von Abgeordneten einer Partei oder Listenvereinigung,3.12.1990
Parlamentsgebäude des ehemaligen Landes Preußen (Eigentumsfrage),20.12.1990
Geschäftsordnung des Abgeordnetenhauses: § 7 (Bildung der Fraktionen; Änderung der Vorschrift),21.12.1990
Geschwindigkeitsbegrenzung (30 km/h im Berliner Stadtgebiet),3.1.1991
Geschäftsordnung des Abgeordnetenhauses: Änderungsvorschläge,9.1.1991
Gruppenstatus für die Abgeordneten der Bürgerbewegung Neues Forum,22.1.1991
Öffentliche Verhandlung (Zuhörerplätze im Plenarsaal),29.1.1991
Parlamentsexterne Gremien,6.2.1991
Leistungen an parlamentarische Gruppen,19.2.1991
Geschäftsordnung des Abgeordnetenhauses: Änderungsvorschlag zur Regelung des Gruppenstatus,20.2.1991
Landesabgeordnetengesetz: § 2 Abs. 4 und § 15 Abs. 2 (Bereinigung von Unstimmigkeiten),26.2.1991
Parität in Hochschulgremien,8.3.1991
Deutsche Klassenlotterie Berlin,20.3.1991
Inkompatibilität von Hochschullehrern von Amt und Mandat eines Bezirksverordneten,10.4.1991
Auskunftspflicht gegenüber Bezirksverordnetenversammlungen,17.4.1991
Berufsamt (Förderung von Maßnahmen nach § 40 c AFG),6.5.1991
Frauenbeauftragte in den Bezirksverwaltungen und Hochschulen,3.6.1991
Soll-Vorschrift (Zulässigkeit einer Überschreitung der in einer gesetzlichen Soll-Vorschrift festgelegten Mitgliederhöchstzahl; hier: Verfassungsschutzausschuss),7.6.1991
Ministerium für Staatssicherheit der ehemaligen DDR: Mitarbeit von Abgeordneten; Anwendbarkeit der Verhaltensregeln nach der GO Abghs,11.6.1991
Privatnutzung des Dienstwagens des Präsidenten,14.6.1991
Rederecht des Abgeordneten,14.6.1991
"Vorläufiger Krankenhausrahmenplan 1991 (Rechtscharakter, Beteiligung der Krankenhäuser)",27.6.1991
Gesetz zur Ergänzung des Berliner Hochschulgesetzes,17.7.1991
Berliner Datenschutzbeauftragter,7.8.1991
Einsetzung eines parlamentarischen Untersuchungsausschusses: Feststellung einer Tätigkeit von Mitgliedern des Abgeordnetenhauses für das MfS,17.9.1991
Abgeordnetengleichheit,2.10.1991
Untersuchungsausschuss: Möglichkeiten einer verfassungskonformen Regelung der Zusammensetzung von Untersuchungsausschüssen,2.10.1991
Berliner Stadtreinigungs-Betriebe: Tarifordnung des Senats,4.12.1991
Preußischer Landtag: Eigentumsverhältnisse,6.1.1992
Rundfunkgebühren (Tatbestand der Rundfunkgebührenpflicht),15.1.1992
Staatsfreiheit des Rundfunks,21.1.1992
Bezirksverordnetenversammlungen (Wahlen am 24. Mai 1992),6.2.1992
Parlamentarische Gruppen: Ehrenrat,25.2.1992
Gleichwertigkeitsanerkennung,19.3.1992
Gesetz über ein Vorkaufsrecht (Vereinbarkeit mit Art. 14 GG),24.3.1992
Denkmalschutz bei Teilen historischer Gebäude,30.3.1992
"Aufsichtsgremium (Medienrat), Staatsfreiheit des Rundfunks",8.4.1992
Weimarer Republik (Verwaltungszuständigkeiten in der -),14.4.1992
Bestands- und Entwicklungsgarantie,24.4.1992
Abgeordnetenentschädigung: Objektivierung der Entscheidung über ihre Höhe,29.4.1992
Energiespargesetz,21.5.1992
Vereinheitlichungsgesetz (Rechtmäßigkeit der Maßgabe c in Abschnitt VI Nr. 10 der Anlage 2),4.6.1992
Anerkennung von Hochschuldiplomen von EG-Ausländern,5.6.1992
Landesbeauftragter für die Unterlagen des Staatssicherheitsdienstes der ehemaligen DDR (Notwendigkeit einer landesgesetzlichen Grundlage für seine Wahl durch das Abghs),15.6.1992
Verfassung von Berlin vom 1. September 1950: Art. 44 Abs. 2 (Wahl der Generalstaatsanwälte und des Polizeipräsidenten),16.6.1992
Vereinbarkeit Berliner Hochschulgesetz mit Bundesrecht,30.6.1992
Besoldungs-Übergangsverordnung (Zweite),30.7.1992
Wohnungsgenossenschaften (Veräußerung von Grundstücken Berlins an -; Gesetzentwurf),4.8.1992
Pauschale Minderausgaben (Rechtmäßigkeit der Veranschlagung),13.8.1992
Staatsvertrag: Möglichkeiten der Stärkung der Mitwirkungsrechte des Parlaments,16.10.1992
Abgeordnetenstatus: Rederecht,27.10.1992
Berliner Hochschulgesetz: Vereinbarkeit einiger Vorschriften mit Bundesrecht,29.10.1992
Verlust des Abgeordnetenmandats,2.11.1992
Rechtsstellung der Fraktionen,12.11.1992
Wohnungsbaugesellschaften (Verwendung für Investitionskosten bei Rückübertragung an Alteigentümer),25.11.1992
Hochschulpersonal-Übernahmegesetz (Auslegung von § 2 Abs. 3),3.12.1992
Fraktionen: Unabhängigkeit,1.1.1993
Abberufung von Abgeordneten aus parlamentsexternen Gremien,6.1.1993
Landesantidiskriminierungsgesetz: Vergleich der Rechtsstellung von Frauenvertreterin und Personalvertretung,12.2.1993
Städtebauliche Entwicklungsmaßnahme,19.2.1993
Frauenbeauftragte: Formulierung im LADG,25.2.1993
Zuständigkeit Präsidentin (Führung der Geschäfte),3.3.1993
Einigungsvertrag: Zulässigkeit ambulanter Schwangerschaftsabbrüche,10.3.1993
Altersversorgung für ehemalige Mitglieder des Abgeordnetenhauses (Berücksichtigung von Mandatszeiten in der StVV),29.4.1993
Inkompatibilität von Hochschullehrern von Prorektorenamt und Funktion als gewähltes Mitglied des Akademischen Senats einer Fachhochschule,28.5.1993
"Wahlrechtsgrundsätze(Allgemeinheit, Gleichheit, Unmittelbarkeit)",2.6.1993
Haushalt (verfassungsmäßige Grenzen für die Höhe der Neuverschuldung),1.9.1993
Ausführungsgesetz zum Kinder- und Jugendhilfegesetz,9.9.1993
Einsetzung des 1. Untersuchungsausschusses (12. WP) (Rechtmäßigkeit),7.10.1993
Arbeitsverhältnis eines Abgeordneten (Beendigung durch Arbeitgeber wegen Mandatsausübung),11.10.1993
Altersentschädigung für Abgeordnete (Synopse),29.10.1993
Solidarfonds für zusätzliche Beschäftigungsmaßnahmen,8.11.1993
"Ausschussbesprechung einer Großen Anfrage, Redezeit",15.11.1993
Städtische Wohnungsbaugesellschaften (Berliner Wohnungsgesellschafts-Vermögensgesetz),26.11.1993
Wohngeldgesetz (Vereinbarkeit mit Art. 3 Abs. 1 GG),29.12.1993
Abbau der Fehlsubventionierung im Berliner Wohnungswesen,25.1.1994
Überarbeitung der Verfassung (Zulässigkeit einer punktuellen Verfassungsänderung vor Überarbeitung der Verfassung),21.2.1994
Bedürfen die Mitglieder der G 10-Kommission für eine Aussage vor einem Untersuchungsausschuss einer Aussagegenehmigung?,28.2.1994
Bundesversammlung,2.3.1994
Bezirkliche Frauenbeauftragte,25.3.1994
Bundes-Immissionsschutzgesetz (Verhältnis zum Gaststättengesetz; Grundlage für eine auf ein bestimmtes Gebiet beschränkte Sperrzeitfestsetzung für Schankvorgärten),25.4.1994
Berliner Hochschulgesetz: § 59 Abs. 1 Satz 3 (Zahl der nebenberuflichen Frauenbeauftragten eines Fachbereichs),4.5.1994
Abgeordnetengesetz (des Bundes): § 49 (Geheimhaltungspflicht der Fraktionsangestellten),17.5.1994
"Beschlagnahme (bei einem Abgeordneten, Zulässigkeit auf Grund der allg. Genehmigung gemäß Anlage 5 der GO)",26.5.1994
Entwurf zum Ausführungsgesetz zum Kinder- und Jugendhilfegesetz,31.5.1994
Studienstiftung des Abgeordnetenhauses von Berlin: Gründung,6.6.1994
"Abgeordnetenentschädigung: Kürzung der Entschädigung der Bundestagsabgeordneten um ein Dreihundertfünfund- sechzigstel (§ 11 Abs. 3 AbgG, eingeführt durch Art. 23 Nr. 1 Pflege-Versicherungs- gesetz)/Grund für eine entsprechende Änderung des (Berliner) LAbgG?",1.8.1994
Einkommensangleichung im öffentlichen Dienst Berlins (Grund für eine Kündigung der Beteiligung Berlins an VBL durch die Anstalt?),8.8.1994
"Einigungsvertrag: Vereinbarkeit der Überleitungsregelung des § 7 Abs. 1, 2. ZwVbVO (befristete Weitergeltung günstigeren alten Rechts mit -)",6.9.1994
Lehrereinstellungskompetenz (Verlagerung von Bezirken auf Hauptverwaltung/Verfassungsmäßigkeit),6.10.1994
"Inkompatibilität von Hochschullehrern Vorschlag für die Formulierung einer Übergangsvorschrift zur Verhinderung des Eintritts der Inkompatibilität bei den Mitarbeitern des Landesschulamtes, die bis zu seiner Errichtung in einem Bezirk tätig sind",11.10.1994
Landesschulamt: Anmerkungen zu dem Entwurf eines Gesetzes über die Neuorganisation der Schulaufsicht und die Errichtung eines - vom 1. September 1994,18.10.1994
Beratende Funktion (von Ausschüssen und Beiräten in der Exekutive/Gesetzesvorbehalt?),2.11.1994
Lehrer: Versetzung aus dem Ost- in den Westteil Berlins/Clearingstelle bei der Senatsschulverwaltung/Verfassungsmäßigkeit der Zusammensetzung,2.11.1994
Privatschulgesetz: staatliche Pflicht zur Förderung,21.11.1994
"Geheimhaltungspflicht: Schweigepflicht, Geheimschutzordnung",28.11.1994
Brandenburg: Gemeinsames Tagen von Untersuchungsausschüssen,14.12.1994
"Weisung (der Senatsverwaltung für Schule, im Rahmen eines Schulversuchs eine weitere Klasse einzurichten)",9.1.1995
Entwurf eines Gesetzes zur Änderung des Landesabgeordnetengesetzes und des Fraktionsgesetzes,26.1.1995
Wahlrechtsänderung (nach Beginn der Kandidatenaufstellung/Vereinbarkeit mit Wahlrechtsgleichheit?),22.2.1995
Wahlvorschlagsrecht der Fraktionen (bei der Wahl von vier bzw. fünf Abgeordneten in die Finanz- und Wirtschaftskommission der Freien Universität bzw. Humboldt-Universität,3.3.1995
Aufnahmekapazität (im Studiengang Humanmedizin; Studienplatzabbau),27.4.1995
"Frauenvertreterin: Beteiligung am Auswahlverfahren, Landesgleichstellungsgesetz",9.6.1995
"Fiktion einer bestimmten Mandatszeit der ehemaligen Mitglieder der Stadtverordnetenversammlung, Vereinbarkeit der Regelung in Drs. 12/5469 mit Art. 3 Abs. 1 GG",12.6.1995
Grundgesetz: Art. 3 Abs. 1 (Ungleichbehandlung von Sonderschulen für Behinderte und anderen Privatschulen),13.6.1995
Ausscheiden aus einem Untersuchungsausschuss,12.9.1995
Wiederholung einer Abstimmung (Zulässigkeit),18.9.1995
Sperrvermerk (im Haushaltsplan),20.11.1995
Verfassung von Berlin vom 23. November 1995 Art. 41 Abs. 2 Satz 1 (Wahl des Präsidenten und der Vizepräsidenten),27.11.1995
Wahlvorschlagsrecht der Fraktionen bei der Besetzung der Vizepräsidentenstellen,6.12.1995
Landkreise (Kommunale Selbstverwaltung),11.1.1996
Stärkeverhältnis der Fraktionen im Ausschuss für Verfassungsschutz,29.1.1996
Ordnungsmaßnahmen des Präsidenten in Plenarsitzungen,1.2.1996
parlamentsspezifischer Datenschutz,8.2.1996
"Wahl der Vizepräsidenten im Abghs, Beschluss des VerfGH v. 2.2.96",8.2.1996
Stärkeverhältnis der Fraktionen im Ausschuss für Verfassungsschutz,12.2.1996
Bindungswirkung der Entscheidungen des VerfGH (hier: Unzulässigkeit der Nichtzulassung eines Vorschlags für die Vizepräsidentenwahl),26.2.1996
Verfassungsschutzausschuss: Sicherheitsüberprüfung der Mitglieder,27.2.1996
Parlamentarisches Aktenvorlagerecht,8.3.1996
Abstrakte Normenkontrolle,25.3.1996
Prüfen auf Verfassungswidrigkeit von Anträgen,6.8.1996
Abgeordnetenzahl und Einwohnerzahl in Bund und Ländern,7.8.1996
Anforderungen an die Formulierung von Anträgen im Bund und in den Ländern (Zulässigkeit von Polemik?),12.8.1996
Wahlrecht: Überhangmandate,19.8.1996
Geschäftsordnung des Abgeordnetenhauses: Befassung mehrerer Ausschüsse,24.10.1996
Chancengleichheit der Fraktionen bei der Wahl von Ausschüssen,18.11.1996
Vorbehalt des Gesetzes (Zusammenlegung von Krankenhausbetrieben),20.12.1996
Haushaltsstrukturgesetz 1996 (Personaleinsparungen),27.1.1997
Bezirkshaushaltspläne,4.2.1997
Untersuchungsausschuss: Beweisaufnahme zu Vermögensangelegenheiten,10.2.1997
Wiederholung einer Abstimmung (Zulässigkeit),13.2.1997
Amtszeit der Kuratorien und ihrer Mitglieder,19.2.1997
Parlamentsbeschlüsse: Auflagenbeschlüsse des Abgeordnetenhauses zum Haushaltsplan,25.2.1997
Öffentlichkeit der Beweiserhebung der Untersuchungsausschüsse,27.3.1997
Schlichter Parlamentsbeschluss (Stiftung und Verleihung von Titeln usw. durch -),7.4.1997
Abgeordnete: Überprüfung auf eine Tätigkeit für das MfS der ehemaligen DDR/Voraussetzungen/ Vorschlag einer Regelung im Landesabgeordnetengesetz,5.5.1997
Besetzung von Unterausschüssen,6.5.1997
Besoldung der Staatssekretäre,7.5.1997
Bürgermeisterverfassung,28.5.1997
Abgeordnete: Auskunftsanspruch gegenüber polizeilichem Einsatzleiter?,15.7.1997
"Bannmeilenregelungen (Synopse der in Bund und Ländern bestehenden Normen, Erfahrungen bei ihrer Anwendung, Gründe für ihre Aufhebung oder den Verzicht auf ihre Einführung; Verfassungsmäßigkeit; Zweckmäßigkeit)",21.7.1997
Gebührenerhebung bei personalrechtlich veranlassten Untersuchungen,25.7.1997
Inkompatibilität von Hochschullehrern: Synopse,1.8.1997
Auskunftsrechte der Abgeordneten,20.8.1997
"Fusion der Universitätsklinika ""Rudolf Virchow"" und Charité",4.9.1997
Geltungsdauer von Gesetzen,4.9.1997
Aufzüge (Verbot von Versammlungen und Aufzügen in Grünanlagen; Gesetzgebungsbefugnis Berlins),11.9.1997
Befangenheit von Abgeordneten,12.9.1997
Schriftliche Anträge - im Sinne des Artikels 34 VvB/Reichweite des Begriffs,19.9.1997
Landeskommission für die Struktur der Universitäten,1.10.1997
Sportförderungsgesetz: Änderung gem. Art. IX EHStrG 98,12.11.1997
Gesetz gegen Wettbewerbsbeschränkungen,14.11.1997
Ministerium für Staatssicherheit der ehemaligen DDR: Richtlinien zur Überprüfung von Abgeordneten,2.12.1997
Berliner Hochschulgesetz: § 7b Abs. 2 Satz 1 Nr. 2 (Wahl von den Kuratorien angehörenden Abgeordneten in die Landeskommission für die Struktur der Universitäten),4.12.1997
Zulässigkeit von Stimmrechtsbeschränkungen für Professoren in Hochschulgremien,8.12.1997
Zweckbindung von Sportanlagen,10.12.1997
"Rundfunk, Unvereinbarkeit nach § 12 des Staatsvertrages über die Zusammenarbeit zwischen Berlin und Brandenburg im Bereich des - (Insolvenzsicherung)",22.12.1997
Übergangsgeld für Abgeordnete,21.1.1998
Wiederholung einer Abstimmung (Zulässigkeit),28.1.1998
Parlamentarische Kontrolle von Vertretern Berlins in Verwaltungs- und Aufsichtsräten,5.2.1998
Beteiligung des Landes Berlin an privaten Unternehmen,9.2.1998
Geschäftsordnung des Abgeordnetenhauses: § 51 Abs. 7 Satz 3 (Anforderung an Spontane Frage),11.2.1998
Änderungsanträge: Erfordernis des Sachzusammenhangs mit Ursprungsantrag,11.3.1998
Einzelabstimmungen bei Verfassungsänderung (Zweidrittelmehrheit notwendig?),19.3.1998
Leistungs- und Verantwortungszentren,1.4.1998
Arbeitsrecht: Konsequenzen bei Petitionen,7.5.1998
"Geschäftsordnung des Abgeordnetenhauses: § 14 Abs. 2 (Recht des Präsidenten, offensichtlich geschäftsordnungswidrige Anträge nicht zur Abstimmung zu stellen)",8.6.1998
Hochschulbeiträge (für Studenten aus anderen Bundesländern),12.6.1998
Berliner Hochschulgesetz: § 7a (Umsetzung der Erprobungsklausel),16.6.1998
Landeshaushaltsordnung: § 47 Abs. 2 (Wegfallvermerke),24.6.1998
Schulleiter: Ausschreibung freier Stellen,24.6.1998
Schulverfassungsgesetz: § 23 Abs. 1 (Ausschreibung von Schulleiterstellen),24.6.1998
Auskänder im öffentlichen Dienst,14.7.1998
"Krankenhausfinanzierungsgesetz (§ 1, Grundsatz)",16.7.1998
Schulverfassungsgesetz: § 23 Abs. 3 (Benennung des Schulleiters; Anwendungsbereich),20.7.1998
Berliner Naturschutzgesetz: Duldungspflicht des Eigentümers,13.8.1998
Sportförderung,18.8.1998
Verwaltungsvorschriften: Bindungswirkung (- gegenüber dem Abgeordnetenhaus),18.8.1998
Auskunftspflicht gegenüber Enquete-Kommissionen,25.8.1998
Rückmeldegebühren an Hochschulen,23.9.1998
Schranken des Urheberrechts,23.9.1998
Semesterticket,6.10.1998
Kleine Anfragen: Informationspflicht des Senats,9.10.1998
Überwachung der Telekommunikation,9.10.1998
Reisekostenvergütung (bei Dienstreise eines Abgeordneten mit dem eigenen PKW),19.10.1998
Lesung (von Gesetzen): Zeitlicher Abstand zwischen erster und zweiter Lesung,5.11.1998
Geschäftsordnungsautonomie: Rechtsform der Regelungen,6.11.1998
Personenbeförderungsgesetz: § 22 (Beförderungspflicht),12.11.1998
Rahmenübereinkommen zum Schutz nationaler Minderheiten,12.11.1998
Zweitwohnungsteuergesetz,10.12.1998
Berliner Hochschulgesetz: § 61 Abs. 1 (Aufgaben des Akademischen Senats),15.12.1998
Silvesterfeierlichkeiten 1999/2000,18.12.1998
Sekten und Psychogruppen/Psychomarktanbieter,22.12.1998
Integration behinderter Schüler,6.1.1999
Rückkehrrecht des Arbeitnehmers zum Land Berlin bei Privatisierung,19.2.1999
"Polizeigewalt des Präsidenten des Abgeordnetenhauses (Bedeutung, Umfang)",22.2.1999
Zweites Gesetz zur Reform der Berliner Verwaltung (Auswirkungen auf Zuständigkeitsregelungen zu Gunsten der Hauptverwaltung außerhalb von AZG und ASOG),25.2.1999
Lebenszeitprinzip bei Beamten,1.3.1999
Beamtenrecht: antragslose Einstellungsteilzeit,13.3.1999
Einstellungsteilzeit (im Beamtenrecht),16.3.1999
Bürgerbegehren,22.3.1999
Lehrerbildungsgesetz: § 11a (Verteilung von Ausbildungsplätzen),24.3.1999
Berliner Hochschulgesetz: § 79a Abs. 3 (Stellenausschreibung für Dienstleistungsunternehmen),31.3.1999
Kuratorium: Vorsitzender gemäß der Teilgrundordnung der FU,12.5.1999
Untersuchungsausschuss: Bindung an die im Untersuchungsauftrag festgelegte Reihenfolge der Fragen,17.5.1999
Untersuchungsausschuss: Vernehmung von Zeugen zu sämtlichen Sachverhalten,20.5.1999
Untersuchungsausschuss: Schutz des Fernmeldegeheimnisses,27.5.1999
Verwaltungsreform-Grundsätze-Gesetz: Einrichtung von Leistungs- und Verantwortungszentren in den Bezirksämtern,15.6.1999
Informationsrecht der Abgeordneten (Anspruch auf Einsichtnahme in Vorlagen auf Zustimmung des Abgeordnetenhauses zu Vermögensgeschäften),17.6.1999
Verfassungsgerichtshof: Wahl des Präsidenten (Verbot der Wiederwahl),7.7.1999
Schülerstreik,18.8.1999
Aussagegenehmigung für einen (ehemaligen) V-Mann im Ausschuss für Verfassungsschutz,2.9.1999
Schwerbehindertengesetz,6.9.1999
Beweiserhebungspflicht der Untersuchungsausschüsse,15.9.1999
Hochschulen: private Unternehmen,21.9.1999
Verwaltungsreform-Grundsätze-Gesetz: § 2 Abs. 4 (Aufgaben und Status des Steuerungsdienstes),23.9.1999
"Alkoholkonsum auf öffentlichen Straßen, Betteln, Berliner Straßengesetz",15.11.1999
Brandenburg:Gemeinsame Enquete-Kommission mit Berlin,6.1.2000
Rechstsverbindlichkeit von Parlamentsbeschlüssen,9.3.2000
Untersuchungsausschussgesetz: § 10 Abs. 2 (Entwurf eines Änderungsgesetzes),14.3.2000
Zuwendungen an Abgeordnete und Regierungsmitglieder,14.3.2000
Grundgesetz: Art. 14 (Anforderungen an die Verfassungsmäßigkeit von Inhalts- und Schrankenbestimmungen,6.4.2000
Amtshaftungsanspruch gegenüber dem Gesetzgeber,10.4.2000
"Grundgesetz: Art. 3 Abs. 1 (kein Anspruch auf ""Gleichbehandlung in der Zeit"")",10.4.2000
Landesfischereischeingesetz,10.4.2000
Rollstuhlfahrer,10.4.2000
Vertragsgesetz bei rückwirkenden Gesetzen,10.4.2000
Aufhebung der Immunität (Synopse von Regelungen sowie Entscheidungspraxis einiger Parlamente),3.5.2000
Einbürgerung (Möglichkeit der Rücknahme),30.5.2000
"Ausführungsgesetz zur Verwaltungsgerichtsordnung, Änderung gemäß Drs. 14/225 (Wegfall des Widerspruchsverfahrens bei bestimmten ausländerrechtlichen Entscheidungen, Verfassungsmäßigkeit)",8.6.2000
Richtlinien über die Höhe der Lehrauftragsentgelte,27.6.2000
Vergaberecht: Grundlagen,25.7.2000
"Anstalten des öffentlichen Rechts: Veranschlagung von Zuschüssen im Haushaltsplan, Studentenwerk Berlin",18.8.2000
Wahlrecht für Nicht-EU-Bürger nach Änderung des Grundgesetzes,25.8.2000
"Bezirksverordnete: Akteneinsichtsrecht, Auskunftsrecht",15.9.2000
Landesgleichstellungsgesetz: Ausdehnung des Geltungsbereichs auf privatrechtlich organisierte Unternehmen im Besitz Berlins,10.11.2000
Anpassungsgesetz Jugend,29.11.2000
Vergaberecht: vergabefremde Kriterien,29.11.2000
Untersuchungsausschuss: Aussageverweigerungsrecht eines Zeugen,5.1.2001
Kindertagesbetreuungsgesetz,18.1.2001
Jugendverbände (staatliche Förderung),15.2.2001
Gesellschaft mit beschränkter Haftung: Satzungsänderung,23.2.2001
Landesgleichstellungsgesetz: Sicherung der Geltung bei Veräußerung der Anteilsmehrheit an privatisierten Einrichtungen,23.2.2001
Untersuchungsausschuss: Ausschluss einzelner Personen,12.3.2001
Auflagenbeschlüsse aus Anlass der Haushaltsberatungen,21.3.2001
Informationspflicht des Senats über Bebauungspläne,6.4.2001
Bäder-Anstaltsgesetz: Schließung von Schwimmbädern,17.5.2001
Beamte: Kürzung der Besoldung durch Gesetz,30.5.2001
Landeswahlordnung (§ 80a: Fristen bei vorzeitiger Beendigung der Wahlperiode),25.6.2001
Planreife von Bebauungsplänen,27.6.2001
Untersuchungsausschuss: Beweisbeschlüsse (formelle und inhaltliche Anforderungen),28.6.2001
Fraktionen: Prüfung der Personalausgaben durch den Rechnungshof,20.7.2001
Untersuchungsausschuss: Parteispenden,10.10.2001
Redezeit: Aufteilung auf die Fraktionen,12.10.2001
Geheimhaltungspflicht: Verletzung durch Untersuchungsausschuss,17.10.2001
Bundessozialhilfegesetz: § 76 Abs. 2 Nr. 5 (Kinderfreibetrag),24.10.2001
Sexuelle Belästigung am Arbeitsplatz (Beschäftigtenschutzgesetz),4.12.2001
Sperrklausel: Ermessensentscheidung,7.12.2001
"Beihilferecht des Bundes, gesetzliche Krankenkassen",13.12.2001
"Laufbahnrecht, Beurteilungsvorschriften für die Beamten des Verwaltungsdienstes (AV BVVD)",14.2.2002
"Abgeordnetenentschädigung: Bindung an einen Index, Staffeldiät",27.2.2002
Bankgesellschaft Berlin AG (Risikoabschirmung),12.3.2002
"Parlamentarisches Budgetrecht, Vorläufige Haushaltsführung",23.4.2002
Befristung von Arbeitsverträgen,3.5.2002
"Auswahlverfahren, Stellenausschreibung",17.5.2002
Untersuchungsausschussgesetz: Entwurf,23.5.2002
Schulgeld (von Privatschulen erhoben),19.6.2002
Berlin-Brandenburgische Akademie der Wissenschaften (BBAW),18.7.2002
Anteilstreuhandschaften (Offenlegung bei Presseunternehmen),10.10.2002
Äquivalenzprinzip: Anwendung auf Straßenbaubeiträge,25.10.2002
Studentenschaft: sog. Brückenschlagstheorie,19.11.2002
"Budgetrecht (des Parlaments), Haushaltssperre",20.11.2002
"Betäubungsmittelgesetz (§ 1 Abs. 1, § 3), Cannabis (Verwendung als Arzneimittel)",12.12.2002
Berliner Hochschulgesetz: § 49 (Verlängerung der Amtszeit der Gremienmitglieder ) – Drs. 15/970 -,7.1.2003
Studienstiftung des Abgeordnetenhauses von Berlin: leistungsabhängige Stipendiumsvergabe (Formulierungsvorschlag f. Richtlinie),12.2.2003
Studienstiftung des Abgeordnetenhauses von Berlin: Kündigung der Zusammenarbeit mit der FU (Stipendienvergabe),24.3.2003
Ausschuss: Artikel 45 Anspruch auf Beschlussfassung und „aliud“,4.4.2003
Vertraulichkeit: Selbstbindung der Verwaltung,9.4.2003
Charité,19.5.2003
Treuhandkommanditist,23.5.2003
Berliner Hochschulgesetz: § 4 (Aufgaben der Hochschulen),23.6.2003
Berliner Straßenreinigungsgesetz,23.6.2003
Steuergesetzgebungkompetenz des Landes,23.6.2003
Vertragsgesetz bei der Umsetzung von EU-Richtlinien,25.6.2003
Petitionsausschuss: Selbstbestimmungsrecht,29.6.2003
Feuerbestattung,10.7.2003
Absenkung des Mindestwahlalters für BVV-Wahlen,10.7.2003
Allgemeiner Gleichheitssatz: im Zusammenhang mit dem Entwurf zum „Stellenpoolgesetz“ und dem LGG,11.8.2003
Pfändung von PKW mittels Parkkralle,15.8.2003
Föderalismusreform (Auflösung der Rahmengesetzgebungskompetenz),29.8.2003
"Aktiengesellschaft: Beteiligung des Landes Berlin, parlamentarische Kontrolle",11.9.2003
Petitionsinformationsanspruch des Ausschusses,11.9.2003
Petitionsausschuss: Auskunftsrecht über dienstrechtiche Maßnahmen gegen Mitarbeiter der Verwaltung,25.9.2003
Disziplinarverfahren: Auskunfsrecht des Petitionsausschusses über Disziplinarverfahren,26.9.2003
Verfassung von Berlin vom 23. November 1995 Art. 33 (informationelles Selbstbestimmungsrecht),29.9.2003
Medienrat: Wahl,10.10.2003
Mehrheit der gesetzlichen Mitglieder des Abgeordnetenhauses,10.10.2003
"Behindertenrechtskonvention, Zwangsbehandlung, Unterbringung",10.10.2003
Ausländergesetz,29.10.2003
Bachelor- und Master-Studiengänge,17.11.2003
"Strukturfonds(EFRE, ESF)",25.11.2003
Tarifvertrag vom 31. Juli 2003: Anwendung auf Beschäftigte nach § 19 Abs. 2 BSHG,10.12.2003
Nebenhaushalte,7.1.2004
"Personenbeförderungsgesetz: §§ 79 –90 Mitbestimmuing (im öffentlichen Dienst), Demokratieprinzip",20.1.2004
Parlamentsinformationsgesetz,5.2.2004
Personalvertretungsgesetz des Landes Berlin,23.3.2004
"Investitionsbegriff, verfassungsrechtlich und haushaltsrechtlich",1.4.2004
Verhaltensregeln für Abgeordnete: Verschärfung,2.4.2004
Akteneinsichtsrecht (für Abgeordnete),4.5.2004
Verhaltensregeln für Abgeordnete: Interessenverknüpfungen (mandatsbezogene),26.5.2004
Fremdenverkehrsabgabe,4.6.2004
Wesentlichkeitstheorie: Aufgaben der Ordnungsämter,9.6.2004
Bagatellsteuern,18.6.2004
"Clearingstelle (bei der Senatsschulverwaltung) für die Versetzung von Lehrern aus dem Darlegungspflichten des Gesetzgebers, Überschreitung der Kreditgrenzen",16.8.2004
Deutsches Richtergesetz (§ 3:Richter im Dienst des Bundes oder eines Landes),16.8.2004
"Kreditobergrenze, Überschreitung wegen Haushaltsnotlage",16.8.2004
Bürgerbegehren,31.8.2004
Geschäftsordnung des Abgeordnetenhauses: Anhörungen (§ 28 GO),20.9.2004
Eigenkapitalbildung durch Verzicht auf Rückzahlung von Landeskrediten (Vivantes GmbH),28.9.2004
Geschäftsordnungsautonomie: § 53 Abs. 2 (Weitergabe vertraulicher Unterlagen an Beauftragte),1.10.2004
Verbrauch- und Aufwandsteuern - örtliche Verbrauch- und Aufwandsteuern (Übersicht),22.10.2004
Finanzplanung: jährliche Fortschreibung,25.10.2004
Immatrikulations-und Rückmeldegebühren,9.11.2004
"Satzungsautonomie der Hochschulen, Bachelor- und Master-Studiengänge",10.11.2004
Personalvertretungsgesetz: Amtszeitverlängerung Personalräte Charité,22.11.2004
Bindungswirkung von Gerichtsentscheidungen,23.11.2004
Vorläufige Haushaltswirtschaft,10.12.2004
Bürgerbegehren,14.12.2004
Untersuchungsausschuss: Gewaltenteilungsprinzip als Schranke der Beweiserhebung,6.1.2005
"Grundgesetz: Art. 3 Abs. 1 (Kopftuchverbot, Religionsfreiheit)",12.1.2005
"Rundfunkgebührenstaatsvertrag, Datenerhebung durch GEZ",14.1.2005
Studiengebühren,7.2.2005
Äquivalenzprinzip,15.2.2005
Studiengebühren für Landeskinder,6.4.2005
Geschäftsordnung des Abgeordnetenhauses: § 25 III Funktion der Tagesordnung,12.4.2005
Abgeordnete: Ausschluss von der Abstimmung bei Selbstbetroffenheit,20.4.2005
Personenbeförderung: Ausschreibung von Beförderungsleistungen,28.4.2005
Versammlungsrecht: keine Behandlung von Sachthemen unter diesem Punkt,12.5.2005
"Untersuchungsausschuss: Organstreitverfahren zur Wahrung von Minderheitenrechten (Antragsteller, Antragsgegner)",18.5.2005
Spielbank Berlin (Kompetenz für Zulassungsgesetz),21.5.2005
Steuerberatungsgesellschaft,23.5.2005
Kindertagesförderungsgesetz (Entwurtf),3.6.2005
Verhaltensregeln für Abgeordnete: Offenlegung von Beteiligungen,1.8.2005
Videoaufzeichnungen (als Daten im Sinne des BlnDSG),5.8.2005
Universitätsmedizingesetz (Charité),2.11.2005
"Haushaltsgesetz2006/2007, § 3 –Kreditermächtigung",14.11.2005
Berliner Universitätsmedizingesetz: Vereinbarkeit mit dem Deutschen Corporate Governance Kodex,18.11.2005
Sonderabgaben: Umfang der Darstellung im Haushaltsplan,18.11.2005
Fehlfunktion der Abstimmungsanlage,25.11.2005
Landes-Immissionsschutzgesetz,30.11.2005
Rechtsverordnungen: hinreichende Bestimmtheit der Ermächtigung,30.11.2005
"Risikoabschirmung: Erwerb von Fondsanteilen, Berücksichtigung im Haushalt",14.12.2005
Anstalten des öffentlichen Rechts: Insoslvenzfähigkeit,11.1.2006
Vorsorgeuntersuchungen bei Kindern,26.1.2006
Misstrauensvotum,1.2.2006
Regierungsbildung: Bund-Länder Vergleich,1.2.2006
Versorgungsanstalt des Bundes und der Länder (VBL): Ausscheiden eines Beteiligten,24.2.2006
Sondervermögen Immobilien des Landes Berlin (SILB),13.3.2006
Untersuchungsausschuss: Aufhebung eines Geheimschutzgrades,24.3.2006
Satzungsautonomie der Hochschulen und Masterstudiengänge,11.4.2006
Vergaberecht: ÖPNV,27.4.2006
Vereinbarkeit von § 5 Abs- 2 LHO mit dem Gewaltenteilungsgrundsatz,25.9.2006
"Open-Source-Software, eingeschränkte Ausschreibung, Vergaberecht",12.10.2006
Änderungsantrag: isolierte Ausschussüberweisung nur bei selbständigem Änderungsantrag,17.10.2006
Abgeordnetenhaus: Vergabe von Räumen,31.10.2006
Privatrechtliches Handeln der Verwaltung,31.10.2006
Geschäftsordnung des Abgeordnetenhauses: § 9 vom Abgeordnetenhaus vorzunehmende Wahlen,12.12.2006
Verfassungswidrigkeit wegen fehlender extremer Haushaltsnotlage,13.12.2006
Verfassungsgerichtshof: Verbot der Wiederwahl,9.1.2007
Verfassung von Berlin vom 23. November 1995 Art. 44 Abs. 1 Satz 2 und Art. 49a – Einschränkungen der Öffentlichkeit von Ausschusssitzungen,2.2.2007
EG-Vertrag: Art. 12 (Diskriminierungsverbot),7.2.2007
Grundgesetz: Art. 3 Abs. 1 (Landeskinderklausel bei Studiengebühren),7.2.2007
Präsidiales Hausrecht (Rauchverbot),19.3.2007
Haushaltsüberschreitung: durch Verstoß gegen Haushaltsrecht,21.3.2007
Treuhand (treuhänderische Tätigkeit),6.6.2007
Landesgleichstellungsgesetz § 7 Abs. 1 LGG,21.6.2007
Versorgungsanstalt des Bundes und der Länder (VBL): Finanzierung durch Umlage und Sanierungsgelder,5.7.2007
Verfassung von Berlin vom 23. November 1995 Art. 45 (Abgeordnetenrechte),19.7.2007
Grundgesetz: Art. 6 Abs. 2 (Eingriff in elterliches Erziehungsrecht durch vorschulische Sprachförderung),14.9.2007
Sondervermögen Immobilien des Landes Berlin (SILB),17.9.2007
Akteneinsichtsrecht (für Abgeordnete),29.10.2007
Vergaberecht: Schadensersatzansprüche bei Aufhebung einer Ausschreibung,31.10.2007
Nachtragshaushalt (Geltung der Haushaltsgrundsätze),14.11.2007
Berliner Wasserbetriebe,5.12.2007
Bezirksfinanzen,28.12.2007
Bezirkliche Selbstverwaltung,4.1.2008
Dienstvereinbarungen,17.1.2008
Exekutivrechtssätze (Geltung für Abghs.),17.1.2008
Vergaberecht: Zuverlässigkeit der Bieter,18.1.2008
Senat: Anwesneheitsrecht in den Sitzungen des Abgeordnetenhauses und seiner Ausschüsse,12.2.2008
Europarechtliche Anforderungen an die Ämterstruktur im Veterinär- und Lebensmittelbereich,18.2.2008
Aktenvorlagepflicht des Senats gegenüber einer Enquete-Kommission,26.2.2008
Öffentlicher Personennahverkehr,31.3.2008
"Vergaberecht: Direktvergabe, Inhouse-Vergabe",31.3.2008
Baulandpreise der DDR,23.4.2008
Denkmalschutz und Werbeanlagen,25.4.2008
Vergaberecht: Zulässigkeit des Mindestlohns im Vergabeverfahren,2.5.2008
Radwege: Beleuchtungspflicht,30.5.2008
"Baurecht: Widmung, Entwidmung",7.7.2008
Volkbegehren zu Abgaben,18.7.2008
Nachtragshaushalt,24.7.2008
Bezirksverordnetenversammlung: Kontrolle des Bezirksamts,18.9.2008
Entscheidungsbefugnisse gem. § 12 Abs. 2 BezVG,22.9.2008
Religionsunterricht (staatliche Kontrolle),29.10.2008
Verfassungsrechtliche Stärkung des Rats der Bürgermeister,10.12.2008
Einstein-Stiftung Berlin,30.1.2009
"Ausschreibungspflicht, ÖPP-Projekt, Kartellvergaberecht",15.6.2009
Haushaltsüberschreitung,10.7.2009
"Untersuchungsausschuss: Einsetzung, Zusammensetzung",14.8.2009
Unzulässige Rechtsausübung,14.8.2009
Hochschulfinanzierung (leistungsbasiert),9.11.2009
PsychKG (Gesetz für psychisch Kranke),28.11.2009
Schadensersatzansprüche (Untersuchungsausschuss „Spreedreieck“),30.11.2009
Kinderlärm (Zumutbarkeit),7.12.2009
Kita-Eigenbetriebe,8.2.2010
Verfassung von Berlin vom 23. November 1995 Art. 44 Abs. 4 (Auskunftsanspruch des Abghs),8.2.2010
Grundsätze der Vergabe,17.2.2010
Bundesdatenschutzgesetz,19.4.2010
"Asylverfahrensgesetz, Residenzpflicht",7.5.2010
Haushaltsklarheit (Grundsatz),12.5.2010
Haushaltsplan: Erläuterungen,16.6.2010
Bezügebericht,21.6.2010
Landesbeteiligungen,21.6.2010
Bezirksamt: Aufgaben,25.6.2010
Tempelhofer Feld,31.8.2010
Wirtschaftlichkeitsuntersuchung i.S.d. § 7 Abs. 2 Satz 1 LHO,31.8.2010
Akteneinsichtsrecht (für Abgeordnete),23.9.2010
Öffentlich-rechtlicher Entsorgungsträger,23.9.2010
Bezirkshaushalte,30.9.2010
Geschäftsordnung des Abgeordnetenhauses: Abwahl des Ausschussvorsitzenden Untersuchungsausschuss,7.10.2010
"Verfassung von Berlin vom 23. November 1995 Art. 9 Abs. 2 (Unschuldsvermutung), Korruptionsregister",8.10.2010
"Zweites Gesetz zur Änderung des Berliner Ladenöffnungsgesetzes, Sonn- und Feiertagsruhe",8.11.2010
"ALG II – Kürzung bei Schulpflichtverstößen, allgemeine Kitapflicht",7.1.2011
arbeitnehmerähnliche Personen,17.1.2011
Volkshochschuldozenten,17.1.2011
Berufsfreiheit,2.5.2011
Übergangsregelung (Gesetzentwurf zu Spielhallen),2.5.2011
Untersuchungsausschuss: Einsicht in Untersuchungsunterlagen (durch Abgeordnete),5.5.2011
Abgeordnete: Anspruch auf Terminsverlegung im Gerichtsverfahren wg. parlamentarischer Tätigkeit,6.6.2011
Gewaltenteilungsgrundsatz: Gerichtsverwaltung = Exekutive,22.8.2011
Landeshaushaltsordnung: § 7 (Kosten- und Leistungsrechnung),22.8.2011
Verhaltensregeln für Abgeordnete: Übertragbarkeit Mitgl. des Bundestages auf Teilzeitparlamentarier,10.10.2011
Öffentlichkeit der Beratungen des Rechtsausschusses,11.4.2012
Verfassung von Berlin vom 1. September 1950: Art. 87 Abs. 1 (Leistung von Sicherheiten),31.5.2012
§ 37 Abs. 3 (Fristbeginn beim Organstreitverfahren wg. Unterlassen),31.5.2012
Vertrag zur Teilprivatisierung der Berliner Wasserbetriebe: Konsortialvertrag (§ 23.7),31.5.2012
Vertrag zur Teilprivatisierung der Berliner Wasserbetriebe,17.8.2012
"Vergaberecht: Aufhebung von Vergabeverfahren, Ausschreibung S-Bahnnetz",29.8.2012
"Anstaltsrecht, Privatisierung",9.10.2012
Konzessionsvergabe bei Energienetzen,8.11.2012
Sperrklausel (Vertretung einer Partei oder Listenvereinigung im Berliner „Zustimmung des Abghs mit Maßgaben“,11.12.2012
Zustimmung des Abgeordnetenhaus(hier: Aufgabe von Sportflächen nach § 7 II SportFG),11.12.2012
fehlerhafter Bebauungsplan/Rechtsfolgen,18.12.2012
Grundgesetz: Art. 125a,15.1.2013
Ausschussüberweisungen: Sitzung außerhalb Berlins,5.2.2013
Ultra Vires,5.2.2013
Verbandskompetenz,5.2.2013
"LHO, Investitionsplanung, § 31 LHO + AV LHO",8.3.2013
Geschäftsordnung des Abgeordnetenhauses: § 5 (Einsicht in die Akten und Dateien),10.4.2013
Untersuchungsausschussgesetz: § 25 Abs. 1 (Einzelvernehmung von Zeugen),10.4.2013
Bindungswirkung: Berichte des Senats,25.4.2013
"Rückruf(des Ausschussvorsitzenden durch die Fraktion, Verfassungsausschuss)",25.6.2013
Flughafen Berlin-Tegel (Weiterbetrieb),26.6.2013
Gesetzesvorbehalt: Geschlossene Unterbringung Minderjähriger,18.7.2013
Urheberrechtsschutz (parlamentarische Materialien),16.9.2013
Grundgesetz: Art. 6 Abs. 2 (Eingriff in elterliches Erziehungsrecht durch vorschulische Sprachförderung),8.11.2013
Parteienfinanzierung (indirekte),12.12.2013
Wahlrecht: Gleichbehandlung im Bezirkselternausschuss,9.1.2014
Volksbegehren: Gültigkeit von Unterstützungsunterschriften,27.2.2014
„Mindestvorschlagsrecht“ bei Einsetzung einer Enquete-Kommission,8.4.2014
Abgeordnetenstatus: Fragerecht (Antwortfrist auf schriftliche Fragen),15.5.2014
Untersuchungsausschuss: Zeitliche Abgeschlossenheit des Untersuchungsauftrags,10.6.2014
Flüchtlingsheim/-unterkunft,31.10.2014
Lehrkräftebildung,24.11.2014
Parlamentarische Exekutivkontrolle: Gestaltungsfreiheit des Verordnungsgebers,24.11.2014
Wirtschaftspläne (Anspruch d. Parlaments auf Vorlage),28.11.2014
"Risikoabschirmung: Berlinovo-Gruppe, Squeeze Out, Insolvenzabsicherung",9.1.2015
Hochschulrahmengesetz: Regelstudienzeit,23.1.2015
Seniorenmitwirkungsgesetz,28.1.2015
Wahl: Kopplung der Abgeordnetenhauswahlen mit anderen Wahlen,28.1.2015
Gültigkeit/rechtl. Qualität,6.2.2015
Werbemaßnahmen des Senats bei Plebisziten,27.2.2015
Vergaberecht: Regulierung des Berliner Fernwärmenetzes,6.3.2015
"Rundfunkfreiheit, ZDF-Staatsvertrag, Fernsehrat",26.5.2015
Einweggeschirr,30.10.2015
Entwicklungsgarantie,8./24.04.92